municipality,population
160,71045
161,52949
162,67474
163,111173
164,133762
165,130548
166,280195
167,173420
168,176578
169,105483
170,40211
171,117109
172,93466
173,36000
174,24168
175,54237
176,94135
177,208237
178,97509
179,59157
180,73835
181,8895
182,14272
183,51080
199,4004793
260,810528
261,53441
262,36063
263,10625
264,82060
265,63180
266,59793
267,18131
268,112941
269,43688
270,270068
271,254013
272,39476
273,122548
274,69200
276,134058
277,25458
278,70493
279,35065
280,24087
281,204111
282,146341
283,122691
284,162014
285,65693
286,145358
287,140720
288,50778
289,36485
290,303379
291,166779
292,309702
293,186860
294,490207
295,219477
296,199315
297,319948
298,129154
299,1263051
360,84201
361,104408
362,53656
363,12487
364,46512
365,9605
366,21342
367,13069
368,12473
369,19471
370,30883
371,45404
372,12772
373,11818
374,16230
375,23075
376,35941
377,6879
378,68929
379,100282
380,16566
381,39345
382,20691
383,255351
384,48164
385,24059
386,60168
460,40044
461,49999
462,35840
463,24797
464,66084
465,29149
466,47373
467,428843
468,78515
469,117632
470,140044
471,64893
472,353452
473,50054
474,53525
475,154732
477,118907
478,163564
479,57574
499,759693
503,160005
504,108576
505,56315
506,292219
514,253382
524,389117
525,36869
526,105121
529,241196
538,370579
542,114284
546,89969
560,80739
561,92100
562,111645
563,105609
564,41096
565,33328
566,679766
567,68881
568,71547
569,103113
570,100265
571,135132
573,114917
574,76639
575,171325
576,189578
577,113635
578,89614
579,143845
580,211893
581,205762
582,172077
583,198215
584,39357
585,77265
586,202176
587,138561
588,74792
589,223140
590,49778
591,147808
592,276719
593,143117
594,105061
595,14537
596,76753
597,108628
598,197286
599,3661911
660,189901
661,537516
662,626522
663,59562
664,243649
665,106108
666,129052
667,314394
668,181865
669,157690
670,68803
671,64000
672,167827
673,56025
674,102703
675,63923
676,179604
677,417282
678,82012
760,733445
761,111612
762,112472
763,383864
764,156985
765,108902
766,188843
797,3379104
798,4949347
799,3275152
860,187630
861,164608
862,189036
863,85395
864,123419
865,45232
866,340091
867,84151
868,455228
869,278749
870,48149
871,333331
872,246016
873,101895
874,622158
875,71211
876,410907
877,548760
960,256127
961,218030
962,416488
963,168937
964,99605
965,99090
966,657982
967,94461
968,542416
969,160604
970,125072
973,108645
974,702190
976,233925
977,96232
978,136626
979,36655
980,71044
981,76296
982,328905
983,127169
984,268256
985,283956
986,96668
987,393713
