municipality,water_satisfaction,water_access,electricity_satisfaction,electricity_access,refuse_removal_satisfaction,refuse_removal_access,sanitation_satisfaction,sanitation_access,year,population
1,,,,,,,,,2015,
2,,,,,,,,,2015,
3,,,,,,,,,2015,
4,,,,,,,,,2015,
5,,,,,,,,,2015,
6,,,,,,,,,2015,
7,,,,,,,,,2015,
8,,,,,,,,,2015,
9,,,,,,,,,2015,
160,78.9,98.3,85.5,97,85.3,89.6,86.7,94.5,2015,71045
161,72.4,91.8,74.2,90.3,80.6,76.7,75.5,88.3,2015,52949
162,81.9,96.9,86,97.7,86.6,84.2,87.8,97.9,2015,67474
163,67,90.2,76.5,85.9,78.8,87.1,72.8,85.7,2015,111173
164,89.2,92.5,85.8,98.7,93.3,84.7,90.5,96.2,2015,133762
165,71.9,97.8,79.5,94.5,82.3,88.6,82.2,96.4,2015,130548
166,83.6,97.8,80.2,95.5,86.5,93.6,82.9,97.7,2015,280195
167,69.6,94.8,65.3,92.6,64.6,78.8,64.5,98,2015,173420
168,75.7,91.2,82.7,92.1,81.5,84.5,80.4,91.3,2015,176578
169,79.5,97.3,85,96.3,89.9,82.7,87.3,94.5,2015,105483
170,80.8,96.4,86.3,96.9,88.9,88.7,88.1,96.9,2015,40211
171,70.4,94.8,82.7,90.1,77.3,81.9,74.8,92.1,2015,117109
172,81,98.7,76.2,95.7,88.6,94.7,79.4,99.2,2015,93466
173,84.3,90.8,82.2,96.5,88.9,91.4,86.5,92,2015,36000
174,69.7,93.4,78.4,91.9,76.1,81.9,77.7,85.7,2015,24168
175,78.7,90.1,84,98.3,91.7,75.6,92,97.9,2015,54237
176,76.2,96.1,74.2,94.3,81,89.9,77.9,95.9,2015,94135
177,80.3,98.3,76.8,97.5,82.1,97.3,76.7,94.5,2015,208237
178,75.9,95,71,90.2,75.8,88.6,76.7,89,2015,97509
179,88.6,94.4,79.4,98.7,84.2,89.9,80.4,94.8,2015,59157
180,64.3,92.4,73.3,93.8,84.3,96,70.3,92.4,2015,73835
181,80.6,88.1,84.9,88.8,92.9,80.6,89.8,97.7,2015,8895
182,77.6,97.9,85.3,95.9,86.5,95.8,83.3,95.6,2015,14272
183,58.5,95,71,96,76.4,92.3,63.3,97.4,2015,51080
199,75.1,97.2,69.7,97.2,75.3,90.8,72.8,92.8,2015,4004793
261,39.9,98.3,49.1,98.1,50.1,94.9,49.6,97.9,2015,53441
262,65.9,90,65.4,88.7,77.7,86.5,55.3,88.4,2015,36063
263,30.6,74.8,45.3,92.4,39.5,82.4,42.9,94.6,2015,10625
264,43.9,92.2,69,96.6,66,91,62.3,85.4,2015,82060
265,55.2,86.9,77.9,88.9,70.3,89.7,62.9,76.8,2015,63180
266,39.4,78.4,60.4,89.6,43.8,63.8,35.5,67.2,2015,59793
267,85.5,80.8,61.6,88.4,80.2,76.1,75.8,87.1,2015,18131
268,59.5,97.3,56.1,86.3,64.7,84.7,55.4,77,2015,112941
269,24.1,89.9,52,94.5,45.3,80.6,47.3,90.9,2015,43688
270,32.4,29.2,48,67.5,22.3,11.9,42.3,4.8,2015,270068
271,44.5,51,56.4,80.4,35.6,17.7,50.7,14.2,2015,254013
272,46.5,72,58.6,79.4,26.2,22.9,35.3,30.1,2015,39476
273,62.3,72.4,72.3,92.7,41.1,12.3,37.6,20.3,2015,122548
274,67,88.6,64.7,96.1,38.7,8.3,40.9,8.5,2015,69200
276,44.4,81.1,53.8,96.6,30.3,23.6,37.7,37.3,2015,134058
277,52.3,94.8,55.6,95.9,38.3,72.8,53.4,88.8,2015,25458
278,42.7,95.6,50.4,96,48.6,84.3,52.6,92,2015,70493
279,47.6,82,57.5,95.8,42.7,27.9,52,26,2015,35065
280,50.7,97.3,55,89,52.5,77.2,62.9,92.2,2015,24087
281,52.2,84.2,52.8,92.1,55.8,52.5,60.8,66.4,2015,204111
282,41.8,60.4,58.1,86.2,18.2,0.9,44.1,1.4,2015,146341
283,46.2,73.5,55.7,94,43.3,19.2,41,14,2015,122691
284,26.4,41.7,41.8,80.2,19,3.2,45.9,3.6,2015,162014
285,47.9,72.7,70.9,93.9,33.6,7.2,50.1,20.4,2015,65693
286,33.7,52.6,61.6,62.2,37.3,22.6,49.7,14.8,2015,145358
287,32.1,56,43.7,93.1,29.6,14,39.4,18.3,2015,140720
288,64,95.1,64.5,85.3,61.5,87.2,61.1,81.4,2015,50778
289,65.7,92,66.6,90.4,71.3,86.8,76.4,94.6,2015,36485
290,9.9,10.6,47.3,84.8,8.6,4.4,32,1.6,2015,303379
291,13.8,12.6,46.5,82.1,9.6,0.6,25.8,2.1,2015,166779
292,24.1,24.6,65,81.4,15.5,1.7,52.4,1.3,2015,309702
293,29.2,37.9,52.7,83.7,21.5,2.1,44.5,2.6,2015,186860
294,27.8,52.6,37.6,84.4,21.9,22,34.5,24.2,2015,490207
295,31.8,59.1,65.9,58.2,36.5,12.7,47.7,9.8,2015,219477
296,38.8,43.2,68.2,64.4,28.3,5.4,55.8,6.4,2015,199315
297,19.7,19.4,70.5,71.8,20.2,1.5,53.4,1.2,2015,319948
298,32.7,21.2,54.3,51.2,40.7,1.4,46.4,1.7,2015,129154
260,62,91.8,55.1,86.3,38.9,61.1,57.2,77.2,2015,810528
299,60.1,96.8,59.8,95.4,64,90.4,61,93.2,2015,1263051
363,44.9,92,66.2,97.3,63,95.3,51.8,84.5,2015,12487
364,66.6,96.9,74.2,95.8,83.7,93,74.7,83,2015,46512
365,54.7,91.5,58.1,89.8,63.6,82.1,41.7,56.6,2015,9605
366,48.1,91.4,75.5,81.2,74.8,78.6,75.8,87.5,2015,21342
367,86.7,94.6,85.1,67,92.7,58.3,75.3,72.3,2015,13069
368,57.4,95.4,87.7,87.7,50.9,88.3,70.8,79.1,2015,12473
369,44.3,96.9,64.1,89.6,51.7,75.5,53.2,84.2,2015,19471
370,67.1,93.9,92.3,93.7,73,77,66.4,79.7,2015,30883
371,62.3,97,61.1,93,54.2,82.2,60,94.4,2015,45404
372,85,83.9,90.4,83.4,92.2,86.8,78.7,73,2015,12772
373,64.8,94.4,76.9,86.3,59.5,54.9,71.1,87.7,2015,11818
374,64.1,81.6,71.2,84.2,53.5,61.9,60,70.6,2015,16230
375,84.1,95.1,95.3,89.2,91.2,80.9,81.5,79.6,2015,23075
376,76.6,69.9,79.5,89.1,67.6,72.3,62.9,63.8,2015,35941
377,66.9,77.3,91.2,72.2,72.1,28.4,67.9,52.2,2015,6879
378,55.6,84.5,73.6,82,65.3,57.6,61.3,66.6,2015,68929
379,81.9,94.1,83.4,89.2,90.6,89.2,76.6,73.6,2015,100282
380,52,83.5,73.7,73.6,53.5,62.4,52.6,45.1,2015,16566
381,64.1,86.3,78.2,84.9,70.6,56.7,77.2,78.3,2015,39345
382,89.6,96.1,88.8,95.8,91.6,94.2,89.8,96.2,2015,20691
383,59.7,97.6,59.6,90.8,70.3,84.8,68.2,88.1,2015,255351
384,64,88.8,73.8,84.5,21.3,36,50.9,76.5,2015,48164
385,21.6,79.8,72.8,95,37.7,63.2,29.9,83.8,2015,24059
386,39.6,83.7,70.7,90.7,40.5,64.2,54.6,68.8,2015,60168
360,45.1,53.6,66.9,84.2,38,4.2,46.6,6.3,2015,84201
361,48.3,63.6,74.6,87,46.3,12.5,42.8,22.9,2015,104408
362,65.4,85.8,79.8,88.1,81.5,81.2,85.1,85.7,2015,53656
460,53.7,93.9,68.7,95.8,59.9,58.7,62.3,79.6,2015,40044
461,72.4,93.1,85.2,94.2,66.5,77.5,76.8,88.9,2015,49999
462,58.8,92.2,82.8,92.4,78,76.8,72.2,90.8,2015,35840
463,43.2,92.6,70.1,96.5,25.8,41.7,53.3,86.9,2015,24797
464,49.7,92.3,80.6,92.5,57.1,78,64.9,85.3,2015,66084
465,42.6,83,60.8,91.8,30.3,49,29.6,36.2,2015,29149
466,86.7,91.4,89.9,94.8,91.6,85.1,77.9,80.8,2015,47373
467,65.2,95.4,75.3,94.7,39.8,80.8,68.1,84.9,2015,428843
468,78.7,93,85.9,91.3,72.1,85.9,77.1,86.3,2015,78515
469,41.7,89.6,78.3,92.4,39.4,60.7,52.7,68.9,2015,117632
470,86.3,93.8,92,90.3,84.1,83.6,80.6,83.7,2015,140044
471,48,96.4,66.6,90,41.3,83.5,51.5,80.6,2015,64893
472,43.3,84.3,50.8,93.6,26.9,22.2,35.8,31.6,2015,353452
473,62.4,89.8,74.3,79.1,56.9,67.9,58.3,70.1,2015,50054
474,39.6,93.2,78.3,94,43.6,68.7,59.2,87.5,2015,53525
475,21.4,95.1,72.7,96.3,73.1,88.8,69.3,91.8,2015,154732
477,38.7,94.2,52.2,94.3,59.1,87.9,66.1,81.7,2015,118907
478,77.1,98.5,64.9,86.3,73,78.6,68.1,74.1,2015,163564
479,57.7,92,78.9,95.6,68.1,88.6,78,80.1,2015,57574
499,67.3,95.3,69.6,95.5,62.7,83.6,58.9,68,2015,759693
503,37.2,47.9,62.2,70.6,24.5,0.1,41.5,2.7,2015,160005
504,40.9,46.7,56.9,89.9,33.8,14.7,39.3,9.1,2015,108576
505,44.1,64.3,74,90.8,26.8,1.4,44.1,4.4,2015,56315
506,63.5,84,75.2,88.3,66.8,31.2,61.6,36.7,2015,292219
560,44,50.8,59.2,60.1,53.8,0.7,59.3,3,2015,80739
561,64.7,94.7,71.3,92.2,57.2,29.8,43.3,37.1,2015,92100
562,29.4,58.2,55.4,80,28.2,11.4,31.2,16.5,2015,111645
563,72.6,83.2,82.6,88.3,77.1,71.9,71,73.9,2015,105609
564,48.5,76,39.2,80.5,47.3,58.1,42.9,63.8,2015,41096
565,57.9,74.7,78.5,95.5,14.7,1.1,64.3,3.7,2015,33328
566,66.9,95.6,57.8,96.1,47.5,51.6,53.1,53.6,2015,679766
567,22.7,64.2,41.8,90.5,16.3,10,18.4,10.6,2015,68881
568,56.6,77,58.3,89.5,41.3,15,40.1,21.6,2015,71547
514,52.3,79.2,66.4,90.2,58.5,56.3,56,51.5,2015,253382
569,27,62.9,62.5,64.6,25.7,20,40.1,13.8,2015,103113
570,38.5,75.7,50.9,78.8,44,46.4,52.4,38.2,2015,100265
571,27.4,51,62.8,88.8,27.8,9.7,32.7,10.4,2015,135132
573,26.5,45,61.9,91.7,22.4,0.7,44.7,0.9,2015,114917
582,22.3,38.1,22.9,19.1,17.7,0.7,31.7,2.8,2015,172077
583,17.4,46.6,39.4,42.1,13.2,6.5,46.5,8,2015,198215
584,23.3,29.2,45.7,63.4,20.5,4.6,38,25.3,2015,39357
585,23.6,30.7,69.8,75.5,19.1,1,43.3,1.3,2015,77265
586,16.8,41.8,45.1,85.7,13.9,8.7,31.1,16.4,2015,202176
538,78,97.3,79.1,99.1,66.6,47.5,74.1,52.4,2015,370579
542,31.7,64.1,67.3,76.9,30.9,5,65.7,6.2,2015,114284
587,45.9,66.2,68.5,96.4,34.6,12.9,54.7,9.9,2015,138561
588,30.2,37.3,57.9,90.2,12.4,0.8,22.9,1.1,2015,74792
589,40.1,61.2,74.2,81.3,51.1,18.5,63.6,17.6,2015,223140
590,48.9,84.6,59.7,82.5,37.2,29.1,44.5,28.6,2015,49778
594,32.4,50.2,69.4,80.7,29.9,5.3,60.6,6.3,2015,105061
595,64.8,83.3,83.2,88.4,63.2,61.6,52.3,40.4,2015,14537
596,73.7,94.1,83.4,88.6,74.5,78.2,69.3,68.2,2015,76753
597,24.4,45.2,43.5,73.5,14.2,10.4,41,8.7,2015,108628
598,23.4,50.1,62,80,18.5,8.5,33.7,6,2015,197286
574,40.8,87.5,49.5,87.7,55.5,75.6,55.7,79,2015,76639
575,44.6,70.6,64.9,81.8,48.6,7.1,60.2,5.3,2015,171325
576,27.2,34.9,57.3,50.1,17.9,0.4,47.1,1.6,2015,189578
577,44.7,51.3,82.7,71.7,59,22.3,65.9,24.8,2015,113635
524,72.8,94,77.9,94.8,72.5,67.8,62.8,65.4,2015,389117
525,41.5,45.6,64.6,57.2,52.6,30.4,51.5,35.5,2015,36869
526,62.6,84.2,77,91.5,42.1,9.7,47.1,11.7,2015,105121
529,25.6,72.7,50.7,82.9,45.6,42.8,48.2,41.8,2015,241196
578,42.9,61.7,76.6,75.5,42.8,25,24.8,7.6,2015,89614
579,46.9,71.5,75,89,42.7,26.9,46.4,16.6,2015,143845
580,21.3,20.7,68,86.4,16.7,1.3,43.2,2.4,2015,211893
581,35,60.4,64,85.7,42.1,16.6,61.2,18.4,2015,205762
546,19.6,37.9,50.3,56.5,18.4,0.3,42.3,1.3,2015,89969
591,51.7,69.2,69.1,90.6,38,24.9,49.2,23.8,2015,147808
592,34.8,89.7,42.1,94.6,41.5,59.5,31.2,37.1,2015,276719
593,30.5,39.6,57.7,68,27.3,1.1,53.9,4.4,2015,143117
599,58.6,94,56.4,95.7,56.9,83.6,53.2,73.9,2015,3661911
660,19.1,30.7,80.1,97,47.8,73.5,36.1,3.5,2015,189901
661,35.1,67.6,58.2,88,38.5,39.7,36.3,32.9,2015,537516
662,47.1,87.5,57.7,83.7,60.6,72.3,49.4,57.7,2015,626522
663,46.5,76.8,74,87,31.5,28.9,54,72.3,2015,59562
664,34.4,59.2,62.9,92.5,50,80.8,49.8,14.6,2015,243649
665,39.8,28.5,66.2,83.8,28,0.1,36.6,2.1,2015,106108
666,31.9,60.1,65.1,88.1,29.9,29.4,26,39.6,2015,129052
667,47.6,61.2,64.9,92.4,57.5,60.2,51,31.7,2015,314394
668,33.4,70.6,65.3,88.1,27.5,41.2,39,56.5,2015,181865
669,33.7,76.9,45.1,88.7,35.2,21.8,32.6,29.3,2015,157690
670,36,83.4,50.8,80.2,44.6,70.5,48.7,72.2,2015,68803
671,32.5,52.4,66.8,83.1,56.1,76,29.2,69.6,2015,64000
672,51.7,61.4,63.9,92.7,45.2,5.8,52.3,8.9,2015,167827
673,55.2,96.2,75.6,94.1,77.9,88.3,75.6,92.8,2015,56025
674,38.4,46.1,52.6,83.2,30,0.1,48.6,7.8,2015,102703
675,39.7,72.5,37.6,84.1,52.5,44.9,50,51.6,2015,63923
676,75.4,87.2,76.9,88.4,82.6,80.4,79.4,86.5,2015,179604
677,70,96.3,72,94.3,72.6,93.3,80.3,95.4,2015,417282
678,59.1,91.6,90.3,84.8,37.6,45.7,70.9,87.6,2015,82012
760,77.1,97.1,64.7,95,62.6,90.5,72.8,93.3,2015,733445
761,80.3,79,81.2,81.9,78.4,84.3,74.5,79.6,2015,111612
762,86.8,92.6,73.5,92.6,83.5,84.1,84.6,90.8,2015,112472
763,72.7,89.4,63.5,87,77.4,83.7,71.9,86.2,2015,383864
764,68.2,86.2,56.9,84.7,70,78,68.8,87.7,2015,156985
765,61,91.7,58.4,65.2,60,87.7,57.6,65.3,2015,108902
766,64,91.9,59.5,86.8,61.8,76.7,64.2,88.1,2015,188843
797,74.1,94.1,67.8,85.4,73.8,87.2,71.8,86.3,2015,3379104
798,73.7,96.1,58.1,90.9,48.5,89,67.9,90.2,2015,4949347
799,72.6,91.7,69.8,91.8,75,82.8,71.9,79.2,2015,3275152
860,35.1,75.5,65.5,95,37.7,16,48.5,20.7,2015,187630
861,54.6,85.9,52.3,82.4,59.9,63.9,62.6,75.2,2015,164608
862,49.2,76,54,77.1,49.8,38.9,44.6,43.9,2015,189036
863,74,89.3,72,86.8,60.2,59.2,61.3,66.8,2015,85395
864,50.6,90.4,52.7,90.8,50.3,66.5,60.8,86.5,2015,123419
865,52.7,81.1,63.6,80.8,52.2,74.9,78.1,73.7,2015,45232
866,75,97.1,58,93.7,65.1,83.9,66.9,94.1,2015,340091
867,68.4,84.7,65.8,91,67.6,75.6,69.2,84.7,2015,84151
868,23.4,82.8,35.9,71.7,28.7,67.3,46.5,70.3,2015,455228
869,60.9,85.4,74.3,90.6,77.6,82,73.2,81.8,2015,278749
870,48.5,85.8,66.2,83.1,41,60.7,72.1,81.1,2015,48149
871,35,89.7,71.7,96.1,16,10.7,25.1,8.5,2015,333331
872,43.2,69.3,66.4,95.1,23.9,10.9,36.9,16.4,2015,246016
873,57.7,86.5,63.5,89.5,61,62.3,64.6,70,2015,101895
874,35,66.2,64.1,96,39.9,25.9,38.4,26.8,2015,622158
875,61.8,72.1,83.9,87.6,75.6,71.4,64.9,63.2,2015,71211
876,41.1,64.4,75.3,95.1,33.6,18.6,49.8,9,2015,410907
877,45.8,73.1,74.9,96.5,30.9,5.1,37.1,8,2015,548760
960,41.9,60.6,79.4,92.5,39.7,11.8,63,12.3,2015,256127
961,42,71.8,74.8,95.4,38.6,9.3,56.9,8.4,2015,218030
962,36.2,53.7,73.9,93.5,40.7,14,59.4,16.1,2015,416488
963,33.8,81.3,60.2,98.2,45.8,43.2,47.5,38.6,2015,168937
964,34.4,63.3,73,95.3,31.4,5.4,55.8,11,2015,99605
965,26.2,79.5,80.6,94.3,19.7,3.3,71.3,3.3,2015,99090
966,43,68.3,75.3,95.1,42.4,15,56.1,14.8,2015,657982
967,72.5,76.6,76.9,88.8,76,75.2,82.4,75.6,2015,94461
968,36.8,51.9,71.1,95.4,40.3,8.9,52.1,13.4,2015,542416
969,36.3,62.4,75.8,94.9,35.1,19,44.1,7.6,2015,160604
970,44,84.2,66.4,98.1,19,0.2,27.2,1.8,2015,125072
973,52.6,64.9,72,97.3,41.5,5.3,50.2,17.8,2015,108645
974,50,82.8,64.3,93.9,54.1,47.7,55.8,47.5,2015,702190
976,24,62.3,58.6,97.3,28.3,22.5,29.4,19.6,2015,233925
977,31.9,68.1,64.9,74.9,32.1,43.7,41.8,64.8,2015,96232
978,61.7,73.2,83.5,82.8,62.3,46.6,68,48.6,2015,136626
979,35.7,74.5,50.8,86.4,36.4,70.8,51.3,65.4,2015,36655
980,41.8,80.1,53.1,87.5,67.6,67.4,67.6,73.8,2015,71044
981,62.5,79.9,60.5,86.1,75.7,66.8,73.4,82.2,2015,76296
982,36.9,67,63.8,92,29.3,35.7,37.7,27.9,2015,328905
983,21.2,57.7,72.5,95.1,37.5,18.4,37.2,10.4,2015,127169
984,38.2,47.7,64.5,93.3,25.4,13.2,27.9,12.7,2015,268256
985,23.8,48.6,63.9,93.4,14.9,1.6,28.5,3.5,2015,283956
986,21.9,60.1,74.3,97,25.1,16.4,37.7,2.1,2015,96668
987,27.3,43.4,61.2,81.2,20.3,9,38.6,7.1,2015,393713
